Alternative,PROMETHEE I,PROMETHEE II
A4,1.625,0.40625
A3,0.9749999999999999,0.24374999999999997
A2,0.9625,0.240625
A5,0.8375,0.209375
