Criteria,Entropy Weight
pts,0.7580991474527716
reb,0.21364664400257635
ast,0.038802379745432276
usg_pct,-0.010548171200780197
