Criteria,AHP Weight
C1,0.2086252339
C2,1.816331697
C3,0.8924400419
C4,1.204721317
