Criteria,AHP Weight
C1,0.20862523389263626
C2,1.816331696722189
C3,0.8924400419094817
C4,1.2047213172425395
